1,Alice Johnson,Bob Smith,Carla Gomez,Daniel Kim,Evelyn Brown,Frank Li
2,Grace Park,Hector Ruiz,Ivy Chen,Jack Wilson,Karen Lee,Liam Murphy
3,Maya Patel,Noah Thompson,Olivia Garcia,Peter Adams,Quinn Rivera,Rosa Martinez
4,Samuel Green,Tina Nguyen,Umar Ali,Valerie King,Will Johnson,Xena Holt
5,Yusuf Omar,Zoe Fisher,Aaron Black,Bella Cruz,Carlton Price,Diana Ross
6,Ethan Hale,Fiona Scott,Garry Young,Hannah White,Isla Moore,Jonah Bell
7,Keira Fox,Leo Sanders,Mila Novak,Nate Brown,Opal Reed,Paolo Rossi
8,Queenie Tay,Ralph Turner,Sasha Ivanov,Tara O'Neil,Ulysses Grant,Vera Bloom
9,Wade Parker,Ximena Soto,Yara Khouri,Zane Cole,Aisha Khan,Benjamin Hart
10,Cecilia Moore,Damon Lee,Esther Park,Felix Wu,Gwen Hale,Beby alexis
